Epochs,Loss
1,0.6635967315239099
2,0.4677005096523176
3,0.4020445815560926
4,0.37778677362815294
